PK_CONTA,FK_CLIENTE,FK_AGENCIA,FK_COLABORADOR,SALDO_TOTAL,SALDO_DISPONIVEL,TS_ULTIMO_LANCAMENTO
418,418,8,47,31.17,23.61,2022-09-15T08:40:50.330Z
628,628,7,71,30.58,21.84,2016-09-15T18:16:28.295Z
684,684,7,42,756.39,714.33,2021-12-23T22:23:59.640Z
478,478,7,14,133.12,103.61,2018-02-16T16:02:44.489Z
8,8,3,73,1714.2,1589.23,2018-09-29T07:13:57.964Z
667,667,3,73,697.7,610.89,2014-12-02T14:38:53.559Z
303,303,3,51,318.88,295.63,2014-09-25T20:24:45.506Z
468,468,7,7,6.33,40.38,2019-09-28T16:44:27.350Z
164,164,8,23,968.66,982.18,2021-01-19T07:20:44.741Z
184,184,5,49,41.16,24.58,2020-11-07T15:14:51.216Z
19,19,7,71,457.62,334.99,2017-06-07T05:53:54.915Z
807,807,7,33,15951.23,16090.95,2017-10-31T18:36:26.480Z
17,17,7,7,292.77,261.07,2020-11-04T22:41:19.766Z
989,989,2,70,1.03,11.61,2019-04-14T05:57:13.138Z
438,438,8,5,1675.67,1157.08,2020-06-26T23:08:03.840Z
930,930,5,2,12.01,241.26,2022-06-05T18:19:28.664Z
434,434,7,7,2104.82,1589.91,2021-06-29T00:35:21.019Z
532,532,7,33,106.38,77.96,2019-02-17T09:43:54.858Z
888,888,3,73,386.72,345.95,2022-02-08T03:40:01.354Z
109,109,7,100,53.14,526.01,2022-02-11T12:36:30.529Z
734,734,1,75,80591.82,79776.99,2014-03-01T15:30:50.284Z
801,801,7,100,37311.12,36881.4,2020-07-31T06:50:30.629Z
352,352,7,33,317.86,288.86,2021-05-05T05:17:11.735Z
637,637,9,68,1130.11,705.9,2022-12-29T04:01:15.931Z
947,947,4,57,176.91,150.03,2021-08-26T12:48:08.413Z
490,490,2,70,78.52,35.28,2012-04-15T02:52:06.982Z
674,674,3,91,1902.33,1859.99,2015-08-08T08:10:33.605Z
673,673,7,7,60.25,29.9,2017-12-30T19:56:28.775Z
198,198,1,61,586.57,460.35,2018-05-16T08:42:25.342Z
207,207,4,57,200.61,178.91,2017-12-26T19:30:28.846Z
654,654,7,33,27.85,20.57,2016-09-09T07:41:45.219Z
927,927,7,33,25.34,12858.68,2018-04-13T20:52:33.758Z
729,729,7,14,59.88,27.68,2021-12-19T08:08:43.858Z
273,273,2,95,2610.71,1637.83,2022-09-29T03:42:33.052Z
45,45,3,91,132.02,82.35,2016-01-09T19:21:34.103Z
483,483,7,7,704.4,623.77,2022-12-01T11:38:15.689Z
158,158,5,67,10785.13,10200.31,2022-09-12T23:46:38.153Z
193,193,7,7,38.58,0.96,2017-04-16T02:33:54.919Z
280,280,7,100,3.04,12517.92,2016-11-16T02:33:40.384Z
407,407,7,42,18.63,311.11,2022-08-18T16:13:03.735Z
497,497,2,81,137.81,121.86,2011-03-29T22:48:28.956Z
619,619,7,71,511.6,423.06,2022-05-14T16:25:44.300Z
218,218,5,15,323.81,228.75,2015-09-29T02:12:19.420Z
736,736,3,98,87.06,41.27,2016-11-11T13:30:02.409Z
507,507,7,42,5.5,0.64,2017-11-15T15:00:18.931Z
159,159,7,7,53761.86,48862.73,2020-05-29T01:35:06.768Z
465,465,3,98,6182.65,6193.16,2018-06-22T17:50:23.164Z
308,308,7,7,23.21,4.75,2018-06-28T23:41:52.884Z
997,997,2,85,15973.33,15316.75,2022-12-10T12:10:30.017Z
665,665,1,3,7841.46,8148.76,2022-04-09T18:27:14.668Z
589,589,8,69,28519.79,29099.04,2020-03-15T09:15:58.152Z
203,203,7,7,737.33,49879.78,2022-06-11T13:40:58.353Z
632,632,7,71,46.43,10.47,2019-09-02T19:59:12.595Z
599,599,7,33,1553.6,1303.36,2023-01-20T20:27:24.663Z
836,836,8,6,240.05,173.3,2020-12-28T02:46:38.836Z
753,753,7,33,15.45,2.27,2019-03-11T16:55:41.594Z
825,825,5,34,814.07,806.97,2014-01-06T18:44:11.395Z
258,258,8,41,16.18,3.75,2020-10-25T08:32:55.092Z
257,257,1,60,38.78,30.69,2011-02-19T19:53:30.274Z
475,475,6,4,53.46,25.67,2020-05-28T14:59:58.512Z
567,567,8,89,31.07,9.36,2020-03-07T04:14:08.065Z
671,671,3,91,91.7,114.32,2014-11-19T16:12:27.071Z
100,100,7,100,763.24,782.34,2020-10-26T06:51:17.908Z
521,521,7,71,92.87,76.06,2019-12-30T03:06:49.432Z
214,214,3,98,117.71,63.38,2013-12-02T08:57:06.118Z
976,976,4,1,5.45,123.36,2016-07-01T02:24:45.984Z
906,906,7,71,153.88,89.63,2021-06-06T18:28:44.904Z
929,929,1,60,115.72,136.51,2022-11-23T21:38:33.780Z
118,118,1,32,11.03,64.57,2019-08-25T13:55:18.370Z
679,679,1,18,17741.97,17201.25,2015-12-29T10:00:01.667Z
751,751,9,46,11045.48,11423.85,2021-09-20T17:47:04.367Z
537,537,6,28,71.43,56.62,2017-06-16T20:33:53.856Z
616,616,7,100,12525.04,12620.02,2018-04-17T04:55:40.821Z
343,343,3,98,86.88,7.79,2021-06-28T01:12:07.465Z
618,618,7,100,2659.18,2807.11,2022-12-29T05:32:55.814Z
804,804,7,7,2553.01,2430.22,2022-12-30T10:43:39.594Z
441,441,4,35,879.91,833.04,2020-12-23T08:08:02.412Z
862,862,7,7,707.31,657.88,2021-02-21T18:16:05.614Z
136,136,6,44,582.21,520.57,2022-12-30T22:35:48.162Z
694,694,1,75,102.68,66.39,2019-11-06T12:56:50.158Z
235,235,2,94,23770.63,21954.48,2014-08-06T07:30:44.153Z
69,69,2,90,20300.68,20077.97,2020-01-03T21:43:57.688Z
494,494,7,14,484.48,370.99,2022-12-30T14:29:38.441Z
677,677,7,33,11911.95,11220.61,2019-04-09T03:42:59.947Z
690,690,1,36,1028.57,1452.77,2016-08-08T04:13:48.839Z
262,262,7,7,312.07,306,2022-12-25T13:54:55.153Z
279,279,3,91,40.41,8.93,2023-01-04T01:41:16.554Z
287,287,7,42,41684.43,42927.92,2019-01-14T16:00:01.180Z
796,796,7,71,375.12,320.07,2022-10-17T13:20:44.264Z
703,703,7,71,1455.48,1424.62,2022-01-08T02:40:42.821Z
588,588,7,7,8.41,109.64,2017-11-25T05:41:23.081Z
259,259,3,51,7590.37,7065.86,2022-07-15T03:34:17.411Z
584,584,10,27,806.13,764.43,2022-07-18T12:16:54.381Z
769,769,7,71,40499.55,38095.02,2021-01-30T02:15:58.297Z
486,486,7,33,648.28,606.63,2021-12-22T00:41:13.314Z
889,889,3,91,4872.02,4796.31,2019-05-09T14:21:10.537Z
489,489,7,100,2.95,80.96,2020-05-20T13:21:23.120Z
75,75,1,32,7767.04,7629.8,2012-07-13T07:43:34.865Z
990,990,5,55,145.52,124.89,2015-01-12T16:23:56.137Z
191,191,2,9,5.42,18.08,2020-08-18T03:46:50.951Z
634,634,4,57,0.69,88920.64,2015-08-10T19:24:05.525Z
444,444,7,14,10255.04,9775.88,2016-12-03T09:38:53.129Z
192,192,7,14,4.49,28.73,2018-02-02T03:16:07.495Z
311,311,7,100,189.43,129.21,2021-11-26T04:17:01.803Z
502,502,2,90,179885.3,166499.93,2013-03-19T22:46:22.771Z
871,871,3,13,7034.08,6565.08,2015-07-20T02:39:30.485Z
170,170,7,100,340.47,213.95,2022-12-28T17:59:02.749Z
397,397,7,100,1255.72,1102.73,2019-10-29T14:56:18.066Z
574,574,6,28,1.9,19.69,2016-11-14T07:52:06.705Z
505,505,7,33,47.19,35.5,2022-03-25T14:55:35.908Z
415,415,4,1,19485.86,25398.31,2014-12-26T16:04:15.077Z
451,451,1,61,17.34,14.28,2015-04-25T04:47:56.867Z
225,225,4,57,36.51,17.26,2019-06-20T11:00:22.808Z
509,509,4,35,783.41,684.06,2021-12-08T21:07:17.719Z
902,902,7,71,13771.38,13862.97,2019-04-04T15:46:56.557Z
555,555,5,49,1819.41,1545.18,2021-01-17T03:53:44.702Z
367,367,8,52,44.42,10.16,2019-03-05T07:55:58.560Z
248,248,7,14,3.92,42.61,2020-04-19T00:03:49.036Z
92,92,7,7,7380.5,6821.17,2022-04-01T19:39:50.726Z
194,194,9,46,90766.28,87549.1,2020-10-07T04:27:49.833Z
472,472,7,7,206.59,245.31,2021-03-28T11:25:41.054Z
805,805,7,14,10.77,109.42,2019-11-04T15:50:37.168Z
116,116,4,45,133.07,33.31,2021-07-22T04:21:34.277Z
233,233,4,57,349.69,351.83,2016-09-12T22:38:27.949Z
848,848,6,88,300.03,240.21,2020-05-08T06:22:31.028Z
882,882,7,100,13183.35,11786.02,2022-12-04T23:03:02.557Z
939,939,2,70,85135.76,78517.7,2022-12-29T05:51:32.688Z
531,531,2,85,65.86,13.31,2011-03-14T21:35:48.322Z
3,3,7,100,165.04,31.49,2017-09-28T14:27:07.723Z
720,720,1,80,19081.01,18228.5,2015-04-18T19:24:24.648Z
522,522,7,42,144.23,174.58,2022-12-29T18:29:38.003Z
995,995,7,33,13383.67,12732.84,2022-11-23T20:39:45.115Z
912,912,7,100,23655.76,24119.28,2022-12-26T07:34:14.791Z
171,171,7,33,548.91,464.15,2020-05-26T01:04:32.318Z
806,806,5,55,70.88,5.2,2015-01-27T01:20:29.547Z
437,437,7,42,67.32,47.09,2022-12-01T17:18:46.515Z
963,963,5,43,26.19,404.83,2016-02-26T14:14:33.807Z
672,672,7,14,581.81,528.69,2019-01-03T08:50:06.682Z
622,622,7,100,1131.09,403.59,2022-04-08T07:58:22.968Z
186,186,5,2,2.1,146.02,2015-02-19T17:31:05.315Z
29,29,3,98,424.41,365.57,2022-01-14T17:42:52.502Z
151,151,7,100,6.63,26911.84,2017-01-07T18:03:07.201Z
933,933,8,41,322.81,161.45,2021-05-11T07:10:51.770Z
731,731,7,7,524.28,579.34,2022-12-19T13:02:07.094Z
471,471,7,14,9465.57,8322.93,2022-01-22T10:48:56.993Z
71,71,8,5,24975.47,24456.39,2022-07-11T03:42:20.688Z
371,371,7,100,45.64,29.65,2017-07-20T13:25:18.011Z
345,345,5,43,7.54,26.3,2020-03-11T05:20:43.923Z
442,442,7,71,304.61,208.68,2022-12-30T23:59:51.751Z
147,147,7,42,11.06,156.41,2019-05-02T11:58:11.013Z
43,43,6,28,368.78,337.93,2016-05-10T15:15:45.256Z
335,335,7,100,36.23,187.55,2021-01-05T10:39:23.012Z
199,199,7,71,24.22,19068.07,2020-06-12T05:19:16.513Z
513,513,7,33,176.7,98.82,2017-09-10T18:40:06.510Z
305,305,7,71,109.4,99.73,2022-11-23T17:58:53.991Z
88,88,7,71,186.23,85.66,2019-03-11T11:45:02.105Z
107,107,7,14,27052.86,27569.94,2022-12-30T22:10:11.983Z
962,962,7,14,946.66,855.67,2019-04-20T17:47:41.940Z
878,878,6,40,1.44,293.59,2020-06-05T01:06:04.026Z
813,813,2,81,21054.94,19849.32,2015-05-23T21:20:45.020Z
705,705,7,42,89349.96,82345.74,2022-12-29T01:38:26.196Z
565,565,4,57,1589.12,1512.39,2019-09-25T14:11:54.923Z
850,850,7,33,4.7,1070.29,2022-11-27T07:27:19.585Z
392,392,7,14,111.31,15.67,2019-05-25T11:19:24.167Z
252,252,7,71,474.02,269.14,2022-12-30T23:57:11.648Z
16,16,5,67,24376.1,25615.78,2022-02-16T07:24:18.849Z
323,323,7,14,5230.02,4295.75,2022-12-06T03:33:35.522Z
157,157,1,80,0.61,18.06,2012-10-21T20:17:58.079Z
81,81,7,71,123.08,88.47,2020-10-08T19:28:33.487Z
650,650,7,42,61.92,30.83,2021-12-24T13:29:55.077Z
519,519,5,55,69.17,41.11,2022-08-24T09:31:57.404Z
782,782,6,88,42.44,39.3,2016-09-20T21:01:16.847Z
324,324,5,43,34.13,13.71,2017-02-22T19:48:05.414Z
695,695,1,36,464.6,303.38,2021-05-20T19:23:16.106Z
402,402,3,13,132.71,111.8,2014-10-13T23:04:51.304Z
571,571,8,5,2475.58,2343.63,2022-12-05T01:32:43.961Z
361,361,7,100,43014.06,40935.38,2016-10-04T09:41:56.764Z
117,117,4,57,97.21,64.69,2014-10-25T12:06:34.254Z
333,333,3,13,65395.97,66685.33,2018-11-14T20:12:31.030Z
527,527,7,33,140.22,109.56,2019-07-05T19:05:09.443Z
400,400,5,2,234.12,187.15,2021-10-17T15:46:08.089Z
369,369,1,72,1153.14,642.32,2021-10-22T02:39:34.222Z
108,108,3,31,60.92,116.41,2020-04-08T15:31:44.969Z
35,35,7,100,63.06,44.26,2018-10-28T06:01:02.390Z
800,800,1,92,845.98,786.12,2022-07-23T05:53:49.087Z
812,812,4,35,2869.8,2655.67,2022-02-24T08:43:36.018Z
928,928,7,42,358.6,321.46,2022-07-21T10:47:47.385Z
2,2,7,100,43.3,21470.47,2021-03-03T22:10:13.537Z
312,312,7,71,2354.15,2114.58,2022-10-16T11:25:38.470Z
904,904,7,14,670.77,545.4,2021-08-01T23:24:31.572Z
496,496,7,100,430.68,103.53,2022-12-30T23:59:53.827Z
853,853,2,86,6738.14,6068.8,2015-12-17T16:57:51.647Z
737,737,6,22,145.26,60.53,2021-02-15T22:29:08.854Z
967,967,7,100,527.36,228.95,2021-06-13T01:24:14.363Z
56,56,7,7,55.1,30.37,2020-10-23T12:31:50.235Z
289,289,1,26,2.62,17807.5,2018-01-11T01:17:00.889Z
675,675,7,100,51.61,36.34,2021-07-12T01:36:20.765Z
60,60,7,33,810.56,570.93,2022-03-09T22:42:05.723Z
321,321,7,7,128.46,83.39,2018-12-11T08:29:05.313Z
342,342,7,33,44.69,31.68,2016-05-23T03:43:24.060Z
341,341,1,80,5.66,34.58,2020-10-02T00:02:43.716Z
786,786,7,14,16.42,8.26,2017-12-15T22:43:59.582Z
740,740,4,19,13398.08,13072.63,2020-09-04T03:55:00.552Z
896,896,6,88,24.5,11.34,2018-10-05T12:55:44.736Z
89,89,4,57,24693.88,24880.18,2022-12-30T19:05:03.793Z
91,91,7,14,0.67,160560.65,2020-02-01T12:16:30.840Z
638,638,3,73,18243.26,17821.11,2020-10-17T19:43:43.508Z
893,893,3,16,1938.72,1651.13,2012-10-06T08:54:23.456Z
541,541,1,62,115.7,53.93,2017-03-07T18:21:27.899Z
664,664,5,55,6275.18,5842.43,2019-03-03T18:07:12.125Z
106,106,6,44,1060.32,1071.55,2020-12-08T01:30:08.930Z
843,843,7,42,13.37,39.45,2020-01-19T16:31:05.729Z
698,698,7,42,944.35,1142.84,2017-04-08T20:49:47.997Z
707,707,7,33,258.79,242.2,2017-02-06T07:38:19.687Z
748,748,2,82,1854.33,1825.36,2019-01-17T18:22:34.750Z
811,811,9,65,22.61,8.81,2020-08-17T06:23:23.309Z
7,7,6,48,114.48,9.51,2022-10-11T23:39:39.185Z
615,615,4,1,415.48,379.11,2019-01-11T19:43:07.730Z
488,488,7,14,1303.71,1271.72,2019-09-13T16:26:32.855Z
876,876,7,7,4540.25,4269.21,2021-08-22T16:13:31.081Z
781,781,1,36,19.25,1.18,2022-02-25T18:10:22.450Z
329,329,3,98,3352.64,3153.65,2015-12-04T13:25:21.327Z
83,83,7,14,1420.31,1401.51,2022-08-30T00:46:42.621Z
450,450,7,7,888.57,890.11,2022-04-22T02:25:11.364Z
459,459,1,60,19513.84,18198.29,2015-02-05T06:08:02.182Z
268,268,4,19,25.63,9.85,2018-04-07T11:37:42.284Z
197,197,4,35,6.74,0.94,2020-05-02T05:17:28.370Z
884,884,7,71,58.98,34.89,2019-03-16T11:55:03.820Z
572,572,2,86,7982.21,7255.56,2017-08-30T16:48:49.510Z
942,942,4,19,204.69,173.91,2014-04-20T21:02:50.764Z
946,946,7,42,4.27,195.8,2022-05-15T04:10:41.729Z
430,430,3,73,27934.18,28994.21,2013-06-25T09:24:29.861Z
680,680,7,42,80.25,28.19,2022-09-08T05:28:15.626Z
245,245,6,54,8218.31,7746.17,2020-07-07T21:48:04.546Z
856,856,7,33,19.22,16.71,2021-12-01T13:52:26.472Z
644,644,8,38,254.94,238.62,2021-05-22T09:25:36.369Z
36,36,7,14,43990.93,40271.42,2020-05-23T14:39:11.798Z
870,870,7,42,252.45,914.43,2022-02-05T01:46:49.996Z
881,881,7,42,103.71,72.56,2018-04-24T03:25:13.297Z
230,230,7,7,2378.15,63206.68,2021-08-09T19:11:43.797Z
788,788,1,80,169.47,134.18,2013-08-08T11:36:32.875Z
562,562,10,30,1204.78,886.59,2022-07-07T19:55:00.349Z
681,681,7,42,507.39,295.74,2021-09-16T04:00:04.907Z
82,82,10,25,124.63,80.79,2022-05-25T06:20:09.641Z
130,130,3,16,5172.38,4776.74,2014-07-02T06:42:15.949Z
987,987,7,33,32.6,2.64,2018-07-10T05:06:21.694Z
593,593,7,7,216.19,149.2,2021-02-17T22:54:54.394Z
701,701,2,85,4.39,605.88,2021-02-03T03:53:57.494Z
1,1,5,15,4329.64,4138.85,2016-05-29T07:28:01.325Z
316,316,7,33,5.29,74.63,2022-10-16T22:27:27.784Z
610,610,7,42,378.18,673.98,2021-04-01T02:43:17.578Z
528,528,3,51,73.95,44.51,2014-02-05T09:52:39.511Z
291,291,3,98,376.66,602.55,2022-02-03T06:28:04.905Z
920,920,2,86,199.44,5.13,2022-12-29T22:44:25.293Z
55,55,8,47,15624.79,14316.59,2022-05-27T21:17:56.503Z
129,129,1,32,634.74,589.96,2022-08-05T22:13:36.997Z
453,453,4,1,17142.15,15857.07,2015-03-08T10:56:32.071Z
185,185,3,51,17.06,11.49,2015-07-13T16:56:32.763Z
20,20,3,91,27027.3,24767.02,2019-07-21T09:09:20.883Z
469,469,7,33,72521.79,71097.28,2018-09-22T15:17:23.822Z
988,988,6,28,155.68,93.16,2021-12-09T01:07:36.207Z
546,546,1,61,803.81,651.5,2021-11-12T04:52:59.813Z
877,877,7,7,30.7,10.05,2019-03-29T02:14:48.235Z
983,983,1,39,28561.26,27684.45,2022-03-26T23:49:51.445Z
607,607,7,42,72146.24,72104.68,2021-11-23T04:13:34.239Z
668,668,6,40,2919.67,2710.37,2020-09-02T20:57:22.169Z
271,271,4,57,7534.76,6112.63,2022-12-29T07:46:36.978Z
148,148,9,93,41.59,30.76,2020-02-19T21:22:22.772Z
579,579,7,33,399.38,279.17,2019-07-13T18:08:25.240Z
605,605,3,16,48.1,37.14,2015-07-19T14:06:33.275Z
961,961,6,28,7834.99,8054.43,2018-10-05T06:26:14.066Z
322,322,6,88,1350.65,1118.31,2021-03-10T04:17:41.257Z
932,932,2,81,230.83,282.87,2016-05-07T10:31:05.842Z
512,512,5,55,10.77,2.88,2017-11-08T01:47:20.864Z
808,808,3,31,5942.22,5448.49,2014-11-26T19:44:29.189Z
227,227,3,16,15.83,1.62,2017-08-18T14:49:35.948Z
775,775,4,57,260.06,56.56,2019-11-06T07:46:22.944Z
855,855,7,71,242.54,300.43,2016-09-23T05:30:36.393Z
999,999,7,42,11.44,53.81,2020-09-14T03:48:26.681Z
602,602,7,33,756.44,876.32,2021-01-28T15:56:32.174Z
449,449,7,14,378.55,121.03,2022-03-25T00:09:28.649Z
809,809,1,11,6205.66,5994.56,2022-04-24T08:30:17.321Z
162,162,7,42,57.87,28.03,2022-12-27T05:14:59.787Z
353,353,7,71,29.98,5.51,2022-10-30T10:18:11.963Z
924,924,3,91,306.5,152.18,2017-11-17T13:33:07.927Z
429,429,5,43,52.35,24.05,2020-05-17T11:34:22.686Z
77,77,7,100,30672.17,32261.78,2018-03-19T17:59:34.389Z
944,944,7,7,295.89,253.3,2021-12-16T06:49:58.319Z
41,41,1,32,166.11,132.39,2020-08-13T10:41:59.149Z
586,586,7,33,44099.92,43644.11,2016-04-23T05:25:44.847Z
746,746,7,100,2182.45,2004.41,2022-11-07T15:47:49.829Z
96,96,7,71,1337.15,1345.88,2021-12-11T20:51:47.091Z
457,457,7,7,1.81,21166.71,2020-10-11T00:37:50.011Z
113,113,7,100,1153.95,1847.02,2022-03-25T04:19:44.104Z
608,608,2,82,8.94,80.79,2011-03-11T22:26:31.854Z
224,224,7,7,297.78,220.56,2022-02-24T15:10:04.265Z
503,503,7,14,245.49,190.88,2022-12-30T23:58:46.382Z
440,440,4,57,29.05,3.33,2018-10-12T23:46:09.361Z
918,918,1,75,1.77,707.44,2014-11-03T23:20:09.740Z
986,986,3,98,13317.02,13125.78,2019-08-18T10:51:23.827Z
659,659,3,13,156.31,60.67,2015-07-26T14:00:16.697Z
925,925,9,74,4860.91,4504.09,2020-10-16T23:21:48.085Z
982,982,7,14,2804.79,2970.07,2017-09-25T00:06:41.323Z
564,564,1,80,9153.86,26546.97,2020-05-02T05:14:40.412Z
583,583,7,33,12.56,47.27,2019-07-12T07:12:06.668Z
270,270,2,95,10603.62,9808.16,2018-01-07T03:33:14.027Z
977,977,7,14,7788.41,6878.66,2021-02-27T23:03:29.757Z
378,378,9,83,777.25,148.31,2022-12-30T22:21:22.113Z
937,937,7,71,22.3,596.75,2022-10-20T00:46:20.699Z
25,25,8,23,29.89,21.4,2022-09-09T19:37:07.957Z
559,559,2,86,287.05,128.68,2016-04-09T02:00:29.404Z
347,347,7,100,1104.9,1577.36,2020-11-20T05:14:19.963Z
725,725,7,71,557.09,443.03,2019-06-05T12:06:25.364Z
747,747,1,61,3,31.17,2020-02-01T22:33:02.502Z
410,410,7,14,53033.04,52498.29,2020-02-11T17:39:43.840Z
18,18,2,85,32.99,2.23,2013-03-19T09:13:30.925Z
261,261,2,70,12732.03,12542.47,2016-12-14T05:49:09.769Z
301,301,7,71,471.75,391.3,2021-10-01T17:02:24.605Z
372,372,7,100,104852.88,105902.25,2019-11-05T04:18:15.365Z
374,374,7,71,54.87,47.23,2018-12-03T22:19:01.930Z
594,594,7,71,12528.72,12455.48,2018-01-30T21:25:26.277Z
220,220,4,19,2.35,34577.26,2015-07-09T11:33:28.661Z
635,635,1,3,5673.71,5706.22,2017-08-06T10:07:57.334Z
714,714,7,7,49.87,82.11,2016-03-13T09:50:32.881Z
992,992,2,82,32689.53,32647.08,2014-09-06T09:22:28.325Z
640,640,7,71,418.19,322,2020-12-09T23:16:24.963Z
58,58,1,80,134.97,52.44,2015-08-13T11:50:24.256Z
66,66,7,33,50577.51,52031.1,2019-09-01T03:28:46.815Z
590,590,7,71,375.29,356.99,2021-12-26T11:44:46.809Z
9,9,4,45,332.15,264.22,2022-10-03T00:13:44.998Z
145,145,3,31,321.91,284.77,2022-12-26T09:11:06.021Z
153,153,4,1,268.85,255.91,2021-03-07T16:36:27.812Z
482,482,9,12,205.69,182.17,2021-12-09T18:17:50.406Z
604,604,7,14,5498.85,5019.19,2018-02-16T19:56:38.356Z
764,764,7,42,1599.11,1604.19,2017-11-23T14:28:37.930Z
700,700,4,57,767.58,627.01,2014-11-25T00:06:56.595Z
581,581,5,63,346.66,318.54,2021-02-12T19:52:14.777Z
14,14,1,11,104.39,36.72,2021-12-04T15:56:50.243Z
126,126,7,42,74.12,45.11,2015-12-19T18:24:41.869Z
761,761,3,91,964.05,875.16,2013-05-01T12:33:52.798Z
520,520,1,60,9224.06,9400.02,2015-07-27T07:29:08.928Z
57,57,2,84,46453.98,46894.51,2014-10-10T02:29:22.358Z
174,174,8,52,29.3,15.96,2021-10-22T09:54:44.158Z
143,143,7,7,309.11,269.01,2021-05-19T02:45:06.539Z
142,142,2,81,23.92,7.48,2019-07-12T13:45:17.359Z
858,858,7,14,8063.11,8225.4,2022-12-30T04:51:47.552Z
794,794,7,33,454.95,430.75,2019-01-13T09:29:51.827Z
652,652,7,14,117.65,460.05,2022-06-18T09:05:48.877Z
823,823,2,70,557.38,534.66,2021-02-03T01:34:15.512Z
139,139,6,22,82508.39,77105.75,2016-05-30T08:06:25.468Z
715,715,8,23,1222.03,440.21,2022-09-03T03:48:08.672Z
393,393,7,14,36.51,15.44,2019-04-04T02:38:33.136Z
152,152,7,42,209.11,42.22,2022-12-30T22:25:16.439Z
611,611,6,48,24506.47,25363.71,2022-12-30T22:56:58.172Z
412,412,7,42,31263.77,31682.43,2021-02-11T22:37:11.919Z
62,62,2,82,14.12,6.37,2018-08-10T05:50:55.236Z
173,173,1,60,140.11,73.61,2014-08-13T08:49:19.874Z
299,299,6,96,146.82,133.39,2019-11-13T05:47:00.518Z
167,167,7,7,7155.67,6893.66,2018-12-19T00:27:56.563Z
964,964,7,7,1104.14,170.94,2021-10-01T06:16:22.804Z
558,558,6,44,1.67,12.08,2019-09-18T12:06:20.883Z
578,578,7,7,815.65,810.48,2022-12-16T03:42:48.902Z
290,290,7,42,21.07,601.19,2022-05-19T21:04:29.015Z
627,627,7,33,1.39,24.16,2017-07-30T07:28:08.791Z
965,965,2,9,5877.77,5359.18,2020-01-15T01:35:50.592Z
662,662,7,42,21469.65,21437.6,2020-10-21T15:59:24.776Z
614,614,7,7,919.54,506.35,2021-09-07T11:35:50.724Z
506,506,8,38,268.56,627.77,2022-05-08T20:16:25.740Z
568,568,7,71,25.73,4.46,2018-10-04T01:50:45.834Z
10,10,3,98,8835.58,7671.26,2016-02-22T18:07:52.878Z
473,473,7,71,353.47,320.74,2022-12-24T17:37:44.792Z
916,916,3,73,76592.34,78027.04,2015-03-11T02:42:51.289Z
913,913,7,33,575.77,479.87,2019-05-29T07:58:12.977Z
719,719,3,51,392.74,39.45,2022-01-31T11:09:14.269Z
540,540,5,2,441.01,813.41,2021-03-25T19:33:15.254Z
302,302,7,71,1444.94,972.71,2022-09-08T04:11:18.193Z
255,255,7,100,163.21,48.2,2019-10-06T11:45:59.381Z
391,391,8,38,11983.94,11134.37,2019-05-20T11:19:09.067Z
498,498,4,45,841.1,790.23,2022-09-10T23:32:35.093Z
954,954,7,33,115.38,30.09,2018-06-04T13:58:04.415Z
288,288,7,33,951.59,945.15,2018-10-26T12:52:38.957Z
569,569,4,45,125.24,118.64,2021-07-30T01:08:15.580Z
283,283,4,19,3416.3,3265.6,2015-06-10T17:45:46.033Z
39,39,2,84,41879.26,43579.46,2016-02-09T16:34:10.933Z
242,242,7,14,2838.61,2498.93,2019-10-30T15:21:30.923Z
691,691,7,7,1154.22,804.33,2022-10-16T05:58:33.902Z
838,838,7,100,1128.51,1147.28,2018-08-16T09:52:56.480Z
633,633,7,14,438.87,386.77,2019-10-18T04:11:58.434Z
759,759,1,80,339.17,198.17,2022-12-20T07:51:23.229Z
425,425,5,67,9.86,275.96,2014-11-21T01:46:52.531Z
94,94,9,87,556.12,440.6,2021-06-08T02:01:54.869Z
728,728,7,42,640.32,454.57,2021-10-09T03:33:58.051Z
140,140,6,22,533.87,436.67,2022-07-03T08:56:27.666Z
275,275,3,13,134056.74,137873.65,2016-03-07T18:06:05.752Z
249,249,2,24,45973.33,47318.85,2016-12-29T12:23:49.641Z
236,236,4,19,20614.17,19211.96,2016-10-05T17:04:19.941Z
785,785,7,100,3150.15,1052.61,2022-12-27T08:41:26.212Z
61,61,1,11,12882.9,12384.53,2013-06-22T21:13:56.816Z
121,121,7,71,129.51,109.38,2017-09-06T04:10:44.298Z
533,533,7,14,219.27,115.84,2019-10-09T13:50:11.695Z
205,205,5,55,547.56,456.02,2019-07-28T22:40:20.085Z
945,945,8,89,21810.32,20327.05,2020-01-08T04:15:33.641Z
566,566,7,7,2055.49,1905.93,2021-09-10T09:22:50.413Z
948,948,7,100,201.98,26.02,2021-01-26T07:00:28.453Z
65,65,7,7,575.37,531.02,2021-12-16T22:27:53.792Z
975,975,1,32,42.45,1.45,2014-11-26T21:13:39.698Z
909,909,3,98,10436.29,9836,2017-10-17T13:35:36.859Z
454,454,1,26,21390.15,20146.87,2014-06-15T11:34:57.716Z
495,495,7,33,134.75,79.94,2022-10-05T12:46:28.029Z
467,467,10,27,403.93,59.78,2022-12-29T22:54:09.137Z
102,102,7,7,13201.87,11183.45,2022-01-03T13:25:51.298Z
456,456,3,13,60535.86,63004.35,2014-09-17T15:24:20.764Z
226,226,4,35,2367,2154.17,2022-08-16T02:10:31.872Z
754,754,1,61,21.71,14.83,2011-11-20T05:15:52.341Z
200,200,2,82,32.5,6.38,2021-05-23T10:00:09.098Z
141,141,7,42,270.68,51.96,2022-04-13T13:19:58.175Z
880,880,7,71,28337.91,27783.48,2020-12-07T10:01:45.403Z
296,296,2,76,67795.77,62743.28,2014-03-08T05:16:46.799Z
831,831,7,14,866.91,837.99,2021-08-20T10:11:55.140Z
660,660,4,45,122736.82,127808.8,2015-01-19T06:53:21.918Z
816,816,3,51,347.91,303.99,2013-07-15T02:54:51.899Z
865,865,4,1,102.36,81.44,2020-02-15T19:34:01.753Z
956,956,8,10,95.15,52.24,2020-10-29T20:17:56.725Z
778,778,5,55,86.63,32.01,2017-05-12T17:15:25.906Z
603,603,4,35,329.45,266.5,2021-12-19T03:13:10.489Z
426,426,7,100,999.75,985.82,2022-03-14T20:10:04.755Z
38,38,3,13,105.86,85.54,2021-08-01T22:25:23.553Z
414,414,1,39,21.49,136.15,2013-11-08T20:07:31.026Z
169,169,3,91,1676.8,156.37,2021-01-26T16:02:21.388Z
874,874,7,14,41.36,26.35,2018-07-12T14:38:17.891Z
518,518,3,31,20526.06,19359.03,2014-11-11T21:29:29.681Z
612,612,6,54,18531.99,17463.59,2017-02-25T10:58:07.472Z
508,508,4,1,1454.88,1378.83,2019-07-15T16:24:13.827Z
984,984,1,72,16163.39,4448.48,2014-01-17T22:43:46.320Z
907,907,7,100,76.9,104.24,2017-11-19T07:13:13.613Z
427,427,6,4,54.63,6.19,2020-07-08T04:36:32.191Z
231,231,7,14,2564.84,2513.73,2017-08-15T09:59:17.569Z
363,363,1,18,1334.98,1322.7,2022-07-01T21:06:53.330Z
300,300,9,46,3224.34,2974.41,2021-06-14T15:47:05.087Z
601,601,7,7,0.91,47.23,2016-10-11T20:09:39.096Z
53,53,5,63,9931.98,9563.8,2022-12-27T16:54:12.940Z
428,428,5,55,51.82,4.53,2019-12-22T04:49:13.956Z
749,749,5,50,49928,50373.91,2015-07-10T18:05:26.134Z
678,678,9,66,49659.67,52089.83,2022-12-03T08:54:14.302Z
832,832,7,33,87.14,50.27,2017-01-22T20:32:59.619Z
630,630,8,89,758.44,434.6,2022-03-08T22:13:57.238Z
386,386,3,51,1806.71,1656.55,2013-10-27T15:13:36.284Z
530,530,1,80,181.44,137.13,2015-04-25T22:17:05.037Z
111,111,7,33,288.35,249.67,2022-12-30T22:01:27.231Z
419,419,6,4,96414.93,91807.63,2020-08-28T23:50:30.030Z
251,251,5,63,19.73,6.5,2018-05-12T01:56:15.440Z
743,743,2,81,18.63,30.05,2014-10-21T23:47:15.828Z
873,873,6,44,6549.26,5972.25,2021-01-11T03:36:11.719Z
919,919,7,14,137.51,266.42,2022-08-29T22:36:04.257Z
104,104,3,91,154.77,17.53,2019-01-26T11:23:01.566Z
819,819,10,53,9921.46,9539.44,2022-07-06T03:13:09.918Z
190,190,7,14,97.54,65.19,2022-10-25T23:08:18.195Z
550,550,1,3,140.29,119.77,2020-08-29T09:19:19.476Z
436,436,1,18,43193.28,44431.76,2017-12-07T07:25:49.284Z
395,395,9,59,791.86,1011.24,2021-11-22T09:21:42.481Z
959,959,1,61,96.49,66.31,2017-07-07T19:42:31.507Z
49,49,7,100,1.99,57.81,2021-07-20T18:02:17.089Z
282,282,7,42,12427.22,11822.22,2016-04-10T16:07:07.240Z
105,105,7,7,132.78,112.9,2016-06-19T18:50:27.007Z
609,609,7,14,4968.54,4200.3,2022-07-03T21:47:43.142Z
222,222,6,22,563.31,443.51,2019-02-10T17:29:47.143Z
267,267,6,22,288.77,259.68,2020-06-26T07:05:57.339Z
718,718,4,45,445.88,435.21,2014-10-07T11:55:14.893Z
758,758,5,50,92.52,78.2,2016-07-25T12:59:34.069Z
585,585,7,71,59.76,45.2,2017-11-20T16:13:19.176Z
439,439,1,32,37,14.68,2019-08-21T22:54:57.050Z
544,544,7,71,14855.02,12243.4,2020-01-31T01:44:18.207Z
366,366,1,80,12287.89,12180.62,2015-09-07T21:28:36.045Z
756,756,7,100,79.57,54.25,2020-06-26T16:34:51.546Z
138,138,2,84,19.91,11.88,2014-10-12T14:56:17.958Z
642,642,7,100,5.39,36.88,2020-01-07T20:14:56.828Z
972,972,7,42,468.02,72.99,2021-12-05T01:14:33.945Z
641,641,7,100,5294.41,4962.49,2020-10-31T15:39:13.461Z
381,381,4,57,1432.54,379.58,2022-12-29T22:57:54.262Z
243,243,5,49,1150.34,1920.98,2021-05-23T13:49:15.732Z
146,146,1,80,708.81,646.55,2014-12-18T15:07:17.420Z
516,516,1,36,9930.41,9706.4,2017-02-18T00:42:11.815Z
309,309,1,39,759.62,740.13,2022-10-16T16:51:50.203Z
892,892,1,18,6656.82,6086.63,2011-10-17T03:13:43.183Z
219,219,7,14,212159.56,220894.96,2020-04-21T07:15:46.034Z
547,547,2,24,31426.79,31356.76,2017-10-29T06:36:51.400Z
711,711,8,47,14.31,43.22,2022-11-27T08:12:07.658Z
37,37,3,98,65.02,60.8,2012-07-15T03:30:00.800Z
582,582,7,42,41301.32,42881.88,2021-06-21T07:50:19.173Z
730,730,8,69,133.46,104.84,2020-06-12T13:09:54.680Z
552,552,4,1,386.22,367.97,2022-12-27T11:16:24.793Z
709,709,3,31,5626.82,5892.5,2020-04-08T07:51:14.845Z
85,85,7,14,669.94,663.99,2022-01-17T09:09:00.065Z
52,52,7,7,33.85,21.86,2019-09-06T12:10:49.834Z
398,398,5,67,98018.34,76968.34,2020-12-21T12:25:38.063Z
387,387,7,14,25.59,5.42,2020-04-19T20:20:06.760Z
28,28,2,76,2982.91,3013.98,2017-06-25T06:41:00.131Z
458,458,7,14,24.67,12.49,2017-11-05T15:47:34.145Z
523,523,7,14,5.67,40.47,2019-05-17T06:36:57.069Z
958,958,6,40,72.3,47.25,2016-01-26T20:55:21.178Z
787,787,4,19,25561.95,23099.75,2022-12-30T19:58:24.779Z
416,416,7,7,241.6,142.53,2022-05-19T09:17:56.044Z
985,985,7,33,86.56,46.43,2021-10-13T21:46:28.560Z
560,560,7,7,1.13,142.12,2018-04-03T17:25:30.563Z
448,448,8,10,23366.23,23269.52,2021-02-04T16:06:29.297Z
815,815,3,98,510.28,461.52,2013-10-23T19:13:29.009Z
72,72,7,100,183.32,327.54,2022-11-07T07:01:21.425Z
127,127,5,34,163.93,398.8,2020-11-21T17:04:24.201Z
646,646,7,14,1677.94,1535.13,2016-09-21T09:57:49.285Z
32,32,8,69,53414.48,50849.43,2019-02-25T01:29:45.005Z
215,215,9,12,35.15,22.06,2021-10-29T10:53:07.358Z
921,921,5,34,3706.46,2349.26,2018-03-01T10:23:15.150Z
926,926,7,71,4.32,58.48,2017-06-07T15:58:31.558Z
417,417,7,14,486.42,460.27,2022-02-08T21:33:46.000Z
22,22,1,26,2.67,67.77,2014-11-26T09:01:59.040Z
368,368,7,71,3208.56,3131.43,2020-11-30T11:16:25.524Z
779,779,9,83,2128.75,2113.84,2021-09-07T21:17:15.026Z
738,738,7,14,641.13,565.93,2021-11-11T11:32:42.832Z
84,84,7,42,629.81,546.09,2020-03-06T02:32:53.104Z
935,935,7,14,7894.24,7512.75,2019-02-05T23:44:00.136Z
829,829,7,100,398.52,285.51,2022-03-11T02:33:06.671Z
777,777,8,23,5.03,33.13,2019-01-13T10:12:37.586Z
150,150,3,31,7121.49,7091.59,2020-02-18T13:58:10.394Z
923,923,7,71,621.23,367.34,2021-02-22T03:20:34.023Z
891,891,7,33,218.62,176.31,2018-05-11T01:06:17.443Z
868,868,9,87,193.38,360.08,2021-05-31T13:00:47.172Z
373,373,2,86,951.99,900.3,2012-06-16T09:00:29.324Z
511,511,10,17,128.53,83.06,2022-07-26T02:53:17.090Z
580,580,7,33,10.58,0.14,2022-01-31T02:04:37.012Z
934,934,1,26,17360.35,17165.85,2016-02-27T11:18:52.264Z
570,570,4,1,17.65,4.79,2019-04-07T04:04:21.617Z
332,332,1,60,37.78,260.63,2018-04-14T16:38:20.786Z
348,348,7,100,79.31,66.64,2019-12-29T07:03:47.032Z
358,358,3,51,143.47,14.15,2019-04-27T01:39:08.924Z
797,797,3,13,1456.93,1368.64,2017-07-28T04:15:45.465Z
783,783,7,14,27460.42,24854,2018-02-25T10:53:11.890Z
845,845,3,13,14733.18,14437.47,2013-07-08T07:58:05.426Z
821,821,7,71,1325.06,1187.34,2022-11-28T01:04:31.235Z
814,814,2,9,133.48,81.21,2022-12-30T23:44:07.598Z
539,539,1,32,100962.93,99040.7,2015-07-17T04:50:14.177Z
841,841,5,63,1.02,481.24,2017-07-29T23:43:45.515Z
11,11,4,19,21.04,153.8,2021-10-28T16:35:27.436Z
315,315,7,100,131.09,24.07,2017-08-22T18:31:46.855Z
183,183,1,62,117.76,30.87,2019-09-27T08:20:44.704Z
76,76,1,60,35.47,16.98,2014-09-16T11:04:46.580Z
771,771,1,80,23150.03,22231.31,2019-06-27T17:21:58.807Z
872,872,7,71,4227.81,3965.64,2018-10-23T21:38:03.228Z
931,931,7,42,79.3,91.27,2018-04-22T07:56:43.590Z
247,247,7,42,2451.09,2305.38,2016-11-13T17:31:21.351Z
128,128,8,6,44201.24,42776.96,2019-07-18T11:13:01.867Z
23,23,7,33,7554.2,6980.92,2016-08-16T16:57:37.184Z
447,447,3,16,1560.83,1421.93,2021-01-04T08:54:49.285Z
320,320,4,19,14108.84,12919.87,2015-10-12T00:15:17.607Z
359,359,1,80,24410.06,22376.5,2014-05-19T06:34:24.705Z
79,79,4,35,219.09,202.79,2014-04-09T09:56:23.986Z
726,726,3,91,30.63,25.12,2018-12-01T17:53:04.891Z
420,420,5,50,7641.25,7279.91,2016-05-01T15:02:34.006Z
264,264,7,71,217.51,176.79,2022-12-30T23:59:47.001Z
349,349,7,14,810.24,752.92,2022-12-29T12:46:30.241Z
792,792,7,42,3.98,62.69,2018-01-30T00:41:37.873Z
645,645,7,71,41775.87,42250.44,2022-12-30T20:43:15.817Z
648,648,8,10,220.85,390.58,2022-12-20T13:08:16.484Z
549,549,8,38,325.26,317.15,2020-01-04T04:30:38.811Z
596,596,7,100,147.68,122.47,2017-12-26T14:42:57.945Z
721,721,7,33,179.84,408.72,2022-02-01T20:45:25.219Z
968,968,5,55,7480.46,19686.35,2014-10-03T14:36:59.610Z
176,176,4,35,43.45,33.9,2018-07-07T10:15:02.845Z
161,161,6,44,14288.86,13125.93,2022-12-30T23:35:00.391Z
998,998,2,84,36.07,23.76,2013-07-27T03:30:02.112Z
799,799,2,85,3574.21,2987.12,2013-02-12T09:59:16.832Z
319,319,3,31,24.22,13.11,2013-11-08T04:13:55.289Z
95,95,7,14,42.88,18.99,2022-12-22T17:05:40.658Z
344,344,7,71,27444.25,28223.59,2022-04-09T22:54:01.964Z
960,960,1,39,987.51,940.35,2019-09-21T11:30:12.927Z
278,278,4,57,30.67,5.48,2015-04-01T20:04:24.165Z
266,266,7,100,8.44,191.59,2021-08-08T22:25:05.589Z
886,886,7,33,54.27,336.09,2022-12-10T00:04:55.129Z
750,750,4,19,1945.52,1829.07,2016-06-06T02:24:34.260Z
464,464,3,13,16.34,7.7,2014-12-03T14:07:27.484Z
514,514,9,65,29138.28,26961.02,2021-10-23T19:43:57.092Z
689,689,2,84,27162.12,24361.38,2014-07-10T08:48:38.038Z
790,790,7,7,47.89,25.86,2021-10-27T05:49:21.505Z
536,536,4,45,14.4,23.67,2018-01-03T03:04:25.194Z
722,722,7,7,6971.66,6305.02,2019-08-19T21:06:50.668Z
383,383,7,14,2380.07,2285.77,2021-07-11T12:32:25.019Z
938,938,6,88,1588.2,1375.24,2018-09-16T15:40:19.555Z
491,491,7,100,0.86,142.98,2018-02-06T15:33:58.970Z
377,377,2,29,7673.52,7729.63,2022-10-20T16:30:12.342Z
73,73,3,73,212.31,138.56,2022-08-13T10:48:26.486Z
556,556,7,100,15.61,45.75,2018-09-30T13:53:35.699Z
15,15,7,33,689.76,548.26,2020-03-13T23:52:38.741Z
493,493,7,42,532.93,498.01,2021-03-09T13:42:09.420Z
132,132,7,14,2593.5,2543.93,2021-12-04T20:42:04.853Z
606,606,7,14,408.77,394.64,2017-09-20T08:13:56.205Z
4,4,7,42,403.16,350.52,2019-12-06T08:43:44.079Z
238,238,6,48,2138,1836.93,2022-03-23T20:20:39.229Z
213,213,7,100,741.68,713.82,2020-07-04T22:06:16.038Z
499,499,7,7,22.94,4,2018-08-08T05:54:25.658Z
433,433,9,99,16.55,5.22,2021-12-06T07:23:48.840Z
34,34,2,78,26823.17,28128.7,2014-12-31T08:09:01.553Z
682,682,2,86,22.02,10825.77,2016-06-25T15:16:19.586Z
940,940,7,14,9.19,64.14,2017-05-06T07:59:41.333Z
357,357,7,7,20.01,11.13,2019-06-26T11:37:09.870Z
462,462,7,100,18922.28,19359.61,2020-12-10T17:46:51.908Z
181,181,2,85,196.99,145.74,2013-11-17T03:50:40.733Z
54,54,1,26,9.45,618.59,2020-11-18T15:40:31.833Z
27,27,7,42,44370.52,40570.28,2019-10-08T16:47:45.047Z
63,63,1,26,2273.2,2164.2,2021-12-18T08:45:33.753Z
33,33,9,93,57.66,34.83,2020-08-26T23:39:23.629Z
732,732,4,1,35601.8,32268.8,2022-12-11T18:51:57.465Z
626,626,10,97,45.21,7056.1,2022-10-07T08:54:02.747Z
810,810,2,9,125.43,101.76,2015-03-22T23:46:49.881Z
295,295,6,44,405.1,371.67,2017-07-23T12:46:10.571Z
413,413,8,6,928.5,749.55,2022-12-12T06:07:06.813Z
993,993,7,14,33.5,17.17,2020-01-03T22:59:17.637Z
354,354,7,100,76726.35,76436.32,2018-08-08T02:39:28.729Z
697,697,2,84,976.46,996.26,2013-02-14T12:59:02.954Z
382,382,7,7,1.46,47.29,2020-05-28T18:46:08.620Z
867,867,2,70,15541.16,14378.86,2012-05-26T07:05:48.151Z
905,905,1,80,645.84,587.91,2012-06-03T05:07:14.169Z
115,115,2,84,2036.75,1922.56,2021-06-10T22:17:56.958Z
789,789,7,33,63.36,28.68,2017-07-09T13:22:53.933Z
165,165,7,42,537.34,462.03,2022-12-16T07:00:54.319Z
253,253,7,14,4.95,66.16,2018-02-01T16:34:21.520Z
156,156,2,9,498.76,147.32,2012-05-12T11:59:41.983Z
647,647,5,43,679.15,619.36,2021-11-25T12:49:36.281Z
624,624,7,100,169.09,143.86,2018-01-02T07:08:42.227Z
408,408,7,100,209.1,236.11,2022-11-16T16:18:23.791Z
617,617,7,33,189.04,130.55,2022-05-01T12:35:34.760Z
973,973,7,42,873.74,243.11,2021-12-14T21:35:01.066Z
40,40,7,7,639.41,504.88,2022-04-10T01:46:10.806Z
898,898,4,45,32.21,21.52,2019-07-11T01:46:57.037Z
830,830,1,18,16.28,3.31,2015-07-19T22:30:02.828Z
294,294,2,95,14975.62,15286.49,2015-05-28T09:01:32.241Z
661,661,5,55,6239.1,5953.26,2015-12-05T11:34:30.163Z
480,480,7,7,16640.89,16795.2,2016-05-28T08:27:03.694Z
42,42,7,14,95.06,46.12,2022-01-28T17:09:54.373Z
894,894,7,14,184.42,105.66,2022-10-05T10:44:04.596Z
135,135,1,75,408.51,198.61,2021-04-14T09:24:38.751Z
177,177,3,16,43.44,5.62,2012-11-02T22:15:31.789Z
461,461,6,28,147.18,123.18,2018-04-10T08:36:48.705Z
887,887,7,42,68.2,21.63,2018-03-07T02:07:57.135Z
163,163,2,84,37.1,29.68,2022-12-29T16:37:50.096Z
866,866,7,42,309.54,417.11,2022-03-20T21:42:20.759Z
263,263,1,36,3.2,90.42,2013-05-17T22:02:39.061Z
554,554,1,75,25.68,22.59,2018-01-30T15:57:12.614Z
137,137,1,36,338.5,238.42,2019-09-03T05:41:41.976Z
696,696,7,100,3036.27,2938.53,2018-03-17T09:14:30.418Z
693,693,7,33,2.12,16.33,2017-01-28T20:29:03.038Z
160,160,3,98,20533.29,18981.14,2013-05-07T15:22:59.358Z
623,623,1,32,317.47,277.54,2022-12-29T23:25:06.363Z
292,292,5,67,436.53,286.13,2016-10-22T03:44:05.778Z
842,842,7,33,1.24,35036.17,2019-08-03T02:57:15.821Z
543,543,8,10,566.44,558.85,2021-05-08T07:01:08.194Z
949,949,7,42,15912.64,15199.02,2016-08-15T16:55:20.276Z
875,875,7,71,130.76,102.65,2022-12-30T23:56:51.504Z
817,817,7,100,19329.08,18685.16,2018-12-20T04:12:42.640Z
553,553,5,43,317.19,714.7,2022-07-02T13:45:27.837Z
284,284,2,70,222.27,199,2011-05-25T01:26:36.477Z
676,676,1,26,91,75.26,2022-03-30T22:43:13.388Z
250,250,5,55,12.9,26.19,2017-05-15T23:29:43.333Z
774,774,1,39,492.43,422.95,2019-12-04T12:08:30.698Z
515,515,5,58,5657.69,5172.24,2016-09-07T23:31:23.485Z
492,492,9,87,5.99,74.45,2020-06-24T06:45:56.090Z
847,847,8,89,114.56,80.68,2021-04-14T09:14:07.968Z
110,110,3,31,96140.95,100116.15,2014-03-21T07:36:45.446Z
978,978,5,15,40487.07,37472.08,2021-02-27T06:25:20.044Z
979,979,7,71,1006.13,63211.4,2022-12-30T23:58:46.321Z
201,201,7,71,266.97,246.54,2022-12-23T16:19:28.164Z
50,50,1,18,806.55,759.93,2020-04-26T21:39:21.733Z
526,526,3,51,2246.83,1891.71,2021-11-28T02:30:01.945Z
125,125,1,61,22.05,123.13,2019-07-16T21:10:36.643Z
655,655,7,42,232.15,218.39,2021-04-28T19:29:33.001Z
851,851,7,7,4.05,177.54,2020-03-27T21:13:06.085Z
663,663,2,70,5.92,31.67,2016-05-14T11:22:55.642Z
166,166,7,14,782.5,1599.57,2022-01-02T03:09:19.549Z
330,330,9,59,93.01,68.83,2020-11-30T06:53:50.306Z
452,452,5,49,340.61,303.35,2022-09-29T13:06:43.542Z
331,331,7,71,32267.25,30301.5,2022-11-10T22:21:36.625Z
600,600,4,45,0.75,92.77,2015-12-21T15:49:27.054Z
994,994,7,7,576.6,537.09,2017-10-08T06:04:49.229Z
981,981,10,17,505.84,418.93,2022-10-14T08:39:27.277Z
723,723,7,14,1361.01,1291.19,2017-04-01T22:47:29.950Z
80,80,7,71,27.45,42.89,2020-10-02T04:56:02.642Z
356,356,7,42,68663.09,62982.23,2020-04-14T19:48:21.315Z
477,477,7,71,36068.85,34206.66,2016-12-31T08:02:05.465Z
298,298,6,4,8507.51,7416.29,2021-07-11T15:46:48.047Z
48,48,7,100,557.6,171.03,2022-12-30T23:59:47.759Z
206,206,7,33,24.58,6.7,2022-12-04T10:30:02.858Z
202,202,7,100,49.02,21.87,2019-05-20T04:38:45.300Z
119,119,6,88,5.21,28.66,2016-07-15T02:12:38.849Z
285,285,2,82,30.87,3.22,2019-07-07T09:35:49.708Z
376,376,7,14,53.04,4840.91,2022-11-12T17:06:15.832Z
791,791,7,71,83.77,1062.93,2022-12-19T03:06:50.446Z
784,784,3,91,276.1,215.83,2019-11-06T05:21:15.024Z
849,849,7,7,48289.13,45116.59,2020-10-24T16:24:13.155Z
890,890,2,85,296.04,5334.11,2022-02-24T01:20:16.160Z
692,692,3,31,2.06,41.27,2020-02-13T10:16:02.899Z
625,625,3,51,1736.31,1700.33,2016-11-15T09:42:47.793Z
389,389,7,71,1275.37,658.82,2021-09-01T02:11:03.037Z
529,529,6,48,10159.31,9906.48,2019-01-06T22:50:32.251Z
752,752,7,42,3163.64,2883.5,2021-10-02T21:21:55.966Z
903,903,7,71,69.48,38.79,2018-10-08T23:52:18.671Z
575,575,5,58,426.34,402.39,2020-04-21T23:15:46.350Z
859,859,7,100,586.87,582.56,2022-12-30T09:33:24.604Z
405,405,7,71,15321.24,14884.53,2023-01-16T05:00:39.304Z
338,338,7,42,1187.02,1065.31,2022-05-23T19:39:22.922Z
587,587,7,33,9385.97,9761,2020-06-21T09:17:40.532Z
445,445,1,92,101.02,8.21,2010-11-21T04:41:03.061Z
99,99,7,7,6159.31,5906.83,2022-12-07T13:15:23.926Z
727,727,3,91,147.47,82.15,2022-07-31T23:06:22.180Z
120,120,2,82,7738.26,7026.15,2019-11-23T01:35:11.878Z
706,706,7,14,972.02,1007.1,2019-01-04T16:58:01.817Z
699,699,3,13,93865.96,95978.39,2022-06-08T18:48:06.405Z
631,631,6,88,7311.87,7115.22,2016-08-05T03:50:48.975Z
360,360,2,82,1965.16,1858.88,2012-08-23T03:14:19.737Z
710,710,7,42,38354.24,36772.65,2017-12-06T14:04:35.793Z
30,30,9,77,8.42,40298.59,2021-12-15T01:54:45.505Z
365,365,1,75,5.78,41145.96,2017-09-17T04:36:50.583Z
346,346,1,26,57814.67,60200.74,2022-09-03T22:10:35.946Z
228,228,1,80,11.6,21.63,2015-07-14T09:26:00.148Z
277,277,7,33,841.7,765.69,2022-12-30T23:57:39.606Z
431,431,2,85,28.76,16.76,2013-03-19T09:23:27.863Z
265,265,7,42,836.77,551.46,2017-01-04T19:50:19.065Z
864,864,7,14,17812.14,17527.98,2019-02-07T19:46:35.084Z
208,208,4,35,77.03,1.67,2019-06-23T17:30:44.604Z
591,591,7,100,46.46,30.81,2016-04-13T01:55:39.285Z
525,525,7,71,24.17,6.26,2022-08-10T23:39:53.800Z
966,966,7,14,1425.28,1335.18,2022-05-06T10:55:35.817Z
510,510,1,80,5629.63,5342.77,2016-02-24T23:02:58.710Z
685,685,7,33,8.32,3.21,2017-01-06T02:24:04.441Z
798,798,3,13,40174.06,39896.16,2021-06-05T22:04:52.443Z
955,955,5,34,25.34,33608.46,2022-12-11T02:00:57.491Z
240,240,7,14,1014.33,1197.33,2022-06-28T14:35:56.468Z
307,307,6,54,250.85,206.21,2019-01-29T15:17:13.755Z
980,980,7,7,49.3,404.33,2019-07-30T13:03:33.641Z
409,409,2,82,112.47,98.59,2014-06-09T08:03:26.636Z
970,970,3,31,101.71,84.68,2022-10-27T09:11:25.321Z
657,657,3,73,15464.38,14797.77,2014-11-14T14:47:39.122Z
422,422,7,42,23.08,6.63,2017-08-13T23:13:01.256Z
87,87,7,100,1554.82,1202.17,2022-05-09T06:00:20.958Z
44,44,9,59,25295.97,22957.41,2021-01-06T13:10:04.164Z
487,487,7,100,40.33,12.52,2019-03-27T00:39:19.012Z
314,314,7,100,14314.99,13441.93,2021-03-05T22:09:55.051Z
793,793,7,71,136.29,95.25,2022-12-30T23:59:59.279Z
394,394,3,51,14982.14,14813.35,2013-03-05T12:59:46.990Z
401,401,7,14,2.51,156.64,2022-12-14T07:32:11.334Z
134,134,5,43,33031.09,31705.76,2019-11-17T09:02:11.633Z
68,68,8,5,192.9,855.5,2022-05-30T01:53:04.403Z
47,47,1,11,218.62,190.03,2014-01-10T00:06:42.471Z
941,941,7,7,35080.31,35386.61,2017-04-06T09:27:04.757Z
658,658,3,16,7.08,54.77,2017-03-05T14:17:34.275Z
969,969,2,76,924.98,944.93,2021-01-06T15:59:16.912Z
683,683,3,13,308.98,147.83,2022-12-29T19:53:08.507Z
500,500,1,3,107875.13,103715.74,2019-12-21T23:42:42.366Z
733,733,6,4,1849.3,1741.17,2022-11-20T14:41:45.472Z
688,688,7,42,228.81,118.19,2019-12-07T05:08:09.301Z
780,780,8,6,15.8,69.51,2018-03-25T09:32:52.334Z
649,649,3,16,3.6,532.3,2023-01-05T20:38:35.779Z
915,915,7,14,134.73,82.68,2016-02-01T16:29:38.003Z
217,217,4,57,3307.79,3411.88,2014-02-07T05:20:32.763Z
820,820,4,35,50513.1,52055.03,2017-06-10T04:36:16.882Z
629,629,3,98,8813.34,8336.11,2017-07-15T09:40:06.053Z
46,46,7,33,51.14,25.3,2019-09-07T05:42:23.940Z
337,337,7,100,14854.02,15484.54,2018-09-06T00:26:00.832Z
936,936,7,33,458.65,148.48,2022-10-09T06:04:51.170Z
917,917,1,36,245.39,207.05,2021-06-12T01:05:32.993Z
379,379,2,86,28219.68,26593.41,2014-04-15T04:13:18.240Z
717,717,7,42,86.27,65.44,2020-07-12T07:01:22.491Z
943,943,7,14,124.1,58.61,2017-03-29T19:37:26.274Z
6,6,7,100,105.6,70.11,2017-11-26T20:46:35.235Z
216,216,1,26,622.12,631.24,2012-06-08T08:53:35.967Z
93,93,1,92,80650.07,76068.53,2021-05-10T22:10:31.580Z
974,974,7,7,372.33,335.61,2021-01-16T23:40:12.298Z
269,269,5,63,37274.48,38790.68,2015-06-14T04:01:00.382Z
776,776,4,1,164.21,118.07,2018-06-25T08:44:34.754Z
180,180,7,71,12252.59,11648.6,2017-03-22T19:25:43.683Z
313,313,2,76,71620.68,68122.25,2020-02-01T03:04:58.960Z
350,350,7,7,91.18,19.38,2017-07-08T01:54:54.720Z
340,340,4,35,393.03,344.43,2021-12-13T00:05:35.769Z
310,310,7,42,30.65,19.72,2019-11-18T14:57:22.394Z
375,375,2,70,110.31,66.77,2020-03-13T07:38:40.383Z
592,592,7,42,21.29,3.42,2019-03-01T15:21:52.748Z
463,463,7,100,848.28,67.95,2022-03-02T08:23:48.194Z
355,355,7,71,1998.43,2003.42,2022-12-11T22:11:48.572Z
818,818,7,33,11.77,42.24,2016-06-04T02:54:01.008Z
669,669,5,58,118.91,59.63,2015-12-24T14:46:52.817Z
822,822,5,34,230.97,180.74,2022-12-29T22:42:42.655Z
996,996,2,24,30339.67,28925.96,2022-05-11T02:13:30.121Z
501,501,4,35,44.82,1.44,2014-12-20T08:37:19.850Z
385,385,4,19,13281.25,13116.8,2020-09-28T08:09:13.410Z
991,991,4,57,430.16,364.02,2019-02-03T04:28:45.264Z
390,390,7,14,30642.59,29998,2022-01-15T16:47:04.593Z
306,306,7,7,86.7,263.97,2017-10-28T22:15:06.399Z
524,524,7,33,9.47,167.36,2018-02-01T16:18:11.102Z
636,636,1,39,34782.8,34085.85,2015-03-30T02:55:12.854Z
196,196,3,91,52.64,23.7,2021-01-01T21:59:32.036Z
837,837,5,15,1685.83,1534.57,2020-08-27T14:59:10.655Z
670,670,3,73,1285.7,1133.39,2019-02-23T01:49:46.943Z
802,802,3,13,981.85,857.4,2022-12-22T20:10:17.290Z
953,953,7,7,102.72,76.89,2021-09-09T00:30:38.439Z
897,897,7,33,84.61,5.54,2021-11-20T16:30:12.797Z
281,281,7,33,77487.74,77372.46,2020-09-04T10:38:44.136Z
31,31,6,40,271.65,260.04,2018-02-01T02:10:22.862Z
854,854,6,96,2489.45,2519.48,2021-05-21T23:17:19.860Z
254,254,7,100,980.6,1002.61,2022-12-30T23:59:38.958Z
421,421,7,14,90.29,47.46,2021-02-13T23:31:15.565Z
276,276,5,15,40158.27,37873.16,2018-10-02T07:45:11.088Z
826,826,7,71,181.92,196.82,2018-05-10T21:45:55.953Z
835,835,7,71,273.63,190.91,2022-12-30T22:35:46.135Z
879,879,3,31,4.04,78.71,2013-04-22T20:50:15.457Z
336,336,7,100,9163.5,8887.9,2017-11-11T00:18:16.067Z
396,396,7,71,765,734.14,2022-01-20T15:20:36.209Z
908,908,5,58,1.83,34.38,2015-08-13T01:41:02.815Z
318,318,3,91,43585.91,41888.53,2020-09-13T03:30:35.337Z
666,666,7,42,40437.53,38943.94,2022-08-12T00:03:25.569Z
795,795,4,35,163.77,18.72,2020-01-09T07:50:32.280Z
221,221,4,45,238.48,89.58,2018-11-17T15:25:47.097Z
154,154,7,33,339.43,191.14,2018-11-05T16:35:01.406Z
860,860,5,55,5.32,38.16,2016-12-20T00:03:53.692Z
744,744,7,7,1041.45,944.23,2022-12-29T08:22:41.260Z
195,195,4,45,48.9,11.86,2015-09-05T08:35:33.192Z
621,621,7,42,697.1,866.06,2020-03-04T03:19:47.584Z
598,598,7,7,442.26,407.72,2022-09-28T06:40:26.355Z
168,168,7,100,1688.88,1678.23,2019-05-07T20:13:06.968Z
286,286,7,71,1724.25,1610.62,2022-12-18T15:22:17.092Z
551,551,1,32,33084.37,31762.3,2017-09-27T20:23:40.311Z
910,910,4,1,79.63,36.43,2019-07-10T17:48:51.562Z
384,384,3,98,78.72,34.29,2018-09-09T17:09:21.824Z
155,155,3,16,515.96,436.46,2020-08-21T01:18:42.297Z
724,724,7,71,998.2,957.1,2020-07-15T09:38:50.762Z
573,573,7,71,21.88,721.73,2022-12-16T08:26:34.914Z
765,765,2,82,483.83,392.6,2021-08-10T11:09:52.052Z
103,103,7,42,1008.16,858.71,2017-09-01T12:23:18.945Z
124,124,7,71,71.68,18.21,2017-06-16T21:54:19.218Z
64,64,7,100,682.16,568.22,2022-07-02T18:11:58.122Z
339,339,5,2,663.32,600.6,2021-04-07T04:08:40.044Z
187,187,7,7,111.14,82.56,2017-05-17T11:54:34.908Z
577,577,1,61,9772.11,9539.92,2021-02-03T23:36:11.636Z
950,950,3,31,9658.42,9538.6,2018-03-11T21:14:18.986Z
755,755,7,42,25.99,12.99,2021-12-30T14:53:33.762Z
246,246,2,86,53774.09,50724.08,2017-05-17T23:43:15.391Z
653,653,7,71,24.9,7.33,2020-04-02T01:39:49.996Z
479,479,7,42,63.54,16.16,2020-05-13T06:48:28.234Z
485,485,3,13,272.31,227,2013-07-26T17:37:00.815Z
542,542,7,71,23.69,22657.14,2016-10-10T02:50:05.802Z
839,839,5,50,308.53,235.44,2022-12-26T08:11:58.459Z
474,474,7,71,414.48,253.07,2020-01-02T12:25:21.025Z
768,768,7,42,222.38,91.39,2022-02-10T14:06:56.426Z
21,21,2,86,74.17,43.64,2012-10-21T23:36:04.261Z
260,260,7,7,1864.93,1788.27,2021-05-01T05:58:56.734Z
12,12,2,90,386.99,320.43,2013-05-20T13:03:56.502Z
772,772,3,16,816.66,443.8,2014-09-27T10:14:21.999Z
112,112,4,19,532.48,225.38,2022-12-08T13:01:46.051Z
687,687,8,38,999.34,923.86,2019-11-05T17:10:15.096Z
914,914,5,55,7492.2,82588.11,2015-08-08T13:27:43.562Z
244,244,7,14,2652.96,2416.28,2020-03-01T10:01:47.567Z
704,704,4,57,25.39,77.14,2016-11-28T14:49:07.223Z
951,951,7,33,9861.48,9605.68,2021-05-07T09:32:41.761Z
188,188,8,10,84.9,6.01,2018-06-19T20:29:43.911Z
380,380,7,42,4916.56,4735.46,2022-01-06T16:25:29.750Z
388,388,3,98,5.66,43.03,2015-07-17T03:21:33.212Z
209,209,7,14,5.22,92.97,2017-07-27T07:38:56.006Z
840,840,7,100,1092.15,1037.44,2022-12-22T13:54:05.377Z
861,861,4,57,35.17,17.14,2017-04-24T05:34:38.688Z
757,757,1,60,26295.87,26240.11,2010-10-18T01:28:20.353Z
86,86,5,34,7186.34,7119.39,2021-08-30T04:44:44.557Z
399,399,7,33,2064.69,2013.2,2021-10-06T21:02:18.496Z
229,229,7,14,110.29,34.62,2020-12-22T22:01:35.956Z
189,189,7,7,25382.15,22804.17,2020-12-02T04:20:44.701Z
51,51,3,13,8756.25,8667.71,2013-08-21T11:19:18.115Z
563,563,1,62,413.35,382.4,2021-06-16T15:11:15.828Z
597,597,2,94,404.1,432.79,2020-08-30T23:40:41.831Z
595,595,2,29,27566.85,28356.03,2022-06-01T05:14:57.757Z
362,362,2,85,24.48,7.94,2018-07-05T01:57:01.976Z
773,773,2,82,23568.46,21364.57,2011-06-30T07:29:37.251Z
97,97,3,13,9589.16,9114.02,2021-11-20T05:49:15.639Z
351,351,2,94,632.44,448.7,2022-03-19T03:15:07.682Z
899,899,1,92,6.64,1757.66,2021-09-29T20:17:14.741Z
175,175,3,13,79.74,50.19,2015-08-28T08:13:31.897Z
901,901,2,9,23788.28,23172.12,2011-08-01T05:19:52.580Z
741,741,7,100,691.71,520.94,2020-08-10T00:33:32.692Z
656,656,2,81,72005,67277.06,2018-12-31T04:31:34.096Z
443,443,7,14,37.09,15.29,2017-12-06T08:35:11.765Z
863,863,7,42,418.28,399.99,2023-01-04T11:20:24.603Z
735,735,7,7,43843.05,42135.7,2019-06-12T01:04:53.679Z
424,424,2,76,46029.34,47447.26,2012-05-02T01:11:26.096Z
742,742,1,75,29.02,8.09,2014-06-23T18:45:08.291Z
952,952,7,14,23583.77,22758.33,2019-06-24T00:00:43.303Z
639,639,7,71,1176.54,987.69,2022-07-24T23:24:38.983Z
561,561,7,7,86.17,34.37,2019-02-26T16:53:20.072Z
435,435,9,21,1790.34,1512.64,2022-12-30T23:17:16.519Z
411,411,1,75,53894.21,55523.22,2013-08-11T16:41:16.256Z
470,470,6,48,585.06,790.55,2021-04-03T18:22:37.118Z
406,406,6,22,166.64,108.94,2022-12-30T19:23:10.396Z
844,844,7,7,2.69,697.37,2018-01-15T00:46:32.828Z
745,745,3,51,28080.44,27779.23,2021-03-26T23:26:57.804Z
133,133,9,93,41.65,29.25,2020-04-08T02:59:36.925Z
766,766,3,73,26.09,7.09,2013-07-14T05:32:02.090Z
325,325,1,92,76.91,46.08,2012-07-01T18:36:05.446Z
179,179,3,98,57273.21,57215.5,2012-10-30T19:13:20.713Z
827,827,6,88,113.21,77.96,2022-05-21T03:51:59.361Z
122,122,7,100,437.76,364.25,2019-08-19T12:14:35.430Z
713,713,1,39,56.06,28.97,2015-11-02T06:50:29.894Z
211,211,9,59,0.59,286.48,2022-12-30T23:56:37.462Z
957,957,3,73,15.95,7.67,2015-05-25T08:40:18.023Z
460,460,7,71,7316.98,7318.44,2020-12-19T02:45:29.479Z
13,13,8,38,28351.16,28174.65,2021-01-24T22:23:17.757Z
824,824,7,14,32360.92,32018.61,2020-04-02T10:27:05.099Z
708,708,3,73,81.79,65.37,2019-04-23T02:50:38.334Z
770,770,7,14,349.01,245.53,2021-08-24T03:04:42.062Z
767,767,7,33,6534.06,6137.87,2017-02-15T19:05:28.781Z
651,651,7,7,21634.01,20258.62,2016-06-15T18:20:32.597Z
328,328,8,6,89.76,67.73,2022-12-30T23:59:11.568Z
423,423,8,47,501.5,431.44,2022-12-29T18:38:29.699Z
900,900,1,60,7410.38,7560.34,2022-12-30T13:26:02.614Z
455,455,7,7,37.34,17.68,2020-02-26T04:37:18.350Z
846,846,8,23,2090,1637.14,2022-10-24T08:24:39.157Z
403,403,1,72,649.18,571,2013-05-01T09:49:27.272Z
131,131,1,60,86.41,29.41,2010-02-20T17:32:38.380Z
237,237,2,95,83.36,39.27,2020-01-19T01:33:55.894Z
149,149,7,33,1259.47,1303.31,2022-06-09T04:10:24.398Z
239,239,6,88,13809.65,13088.6,2022-10-10T21:54:35.139Z
432,432,7,100,15.63,4.19,2019-01-19T16:28:49.170Z
883,883,7,42,485.4,111.88,2022-12-20T17:25:13.571Z
123,123,4,57,14286.71,14277.58,2014-08-22T06:22:57.930Z
317,317,2,95,51156.1,48698.86,2011-06-04T16:45:41.630Z
98,98,2,78,1330.67,1198.87,2022-03-09T21:22:10.480Z
101,101,7,71,7497.62,6906.19,2019-06-11T13:08:54.168Z
712,712,7,42,450.19,380.58,2022-12-27T07:27:14.713Z
182,182,4,45,13622.15,14144.94,2019-09-13T23:54:20.345Z
803,803,7,100,1778.51,1412.61,2022-11-19T07:04:01.115Z
24,24,6,54,129.36,92.92,2015-11-08T11:22:23.289Z
204,204,7,100,104.32,125.74,2019-09-05T14:25:34.875Z
466,466,2,95,61879.3,55800,2021-04-19T19:01:43.907Z
716,716,1,36,21.65,217.35,2022-12-07T14:26:12.335Z
857,857,2,70,11040.58,77990.6,2020-07-21T06:15:09.594Z
178,178,9,20,1437.96,640.58,2022-05-09T21:43:45.413Z
74,74,7,14,47148.34,47605.86,2022-07-20T12:58:28.288Z
364,364,3,16,1783.15,2177.01,2022-08-05T06:15:10.735Z
234,234,5,49,1129.01,967.24,2020-06-27T18:14:18.122Z
70,70,6,88,22097.13,20081.67,2018-05-14T00:45:03.675Z
210,210,3,91,24.59,4.79,2017-12-21T20:38:31.091Z
144,144,7,14,11.39,3.12,2018-12-31T04:21:55.391Z
484,484,1,75,103.52,81.64,2014-08-24T10:44:45.538Z
297,297,1,32,55701.51,57966.38,2021-11-03T15:33:34.084Z
852,852,7,33,27073.51,25554.42,2020-03-28T00:16:12.674Z
293,293,6,44,226.71,202.43,2016-03-18T19:08:13.642Z
404,404,4,19,161.87,112.72,2021-10-03T07:38:04.559Z
760,760,1,75,15864.55,16160.59,2011-03-20T18:50:11.264Z
548,548,7,33,3522.41,3144.32,2022-12-30T22:29:11.366Z
327,327,3,98,73.88,60.54,2018-09-03T15:50:54.764Z
538,538,7,33,435.36,436.41,2022-06-25T19:04:39.224Z
476,476,2,95,234.35,81.11,2013-08-18T05:33:22.460Z
274,274,4,19,16293.85,82842.9,2018-02-14T15:17:52.540Z
370,370,7,42,1415.06,1410.29,2019-06-05T20:14:20.201Z
620,620,7,71,22052.71,21931.4,2020-06-17T17:44:04.280Z
59,59,3,98,1.8,38.47,2019-08-09T10:35:23.826Z
241,241,5,15,536.84,409.67,2020-11-03T13:34:12.708Z
535,535,7,33,31.05,9.81,2019-06-03T02:02:08.157Z
557,557,2,29,41512.44,38883.11,2018-11-08T09:31:56.423Z
971,971,1,61,73.87,9.95,2016-04-02T03:22:33.907Z
739,739,7,100,14568.3,13330.82,2020-04-23T04:04:36.917Z
828,828,2,24,1.1,28.91,2013-09-14T20:12:46.294Z
272,272,2,24,56695.45,59043.29,2014-11-14T09:55:49.346Z
90,90,1,11,22210.21,22154.57,2015-03-02T05:37:41.946Z
172,172,7,42,187.41,113.02,2017-04-26T13:18:23.450Z
504,504,7,42,941.58,799.89,2019-04-26T06:45:45.288Z
895,895,7,14,386.08,110.71,2016-05-01T17:34:41.148Z
223,223,7,14,13.51,42.99,2020-09-06T10:21:52.354Z
212,212,7,14,275.77,192.61,2022-10-01T12:55:17.751Z
232,232,5,15,16812.45,17228.35,2022-12-11T13:53:48.166Z
833,833,7,14,7112.52,5473.85,2022-12-29T10:26:13.100Z
334,334,7,14,1195.42,1147.7,2022-12-23T17:24:37.619Z
576,576,7,14,5024.21,4448.76,2017-07-17T05:05:38.683Z
304,304,7,42,60127.5,57589.11,2020-04-21T20:23:52.618Z
869,869,3,98,135.54,386.98,2021-04-25T05:06:46.339Z
534,534,7,42,31.94,23.22,2021-10-19T03:18:43.673Z
911,911,7,14,492.8,665.73,2022-12-09T22:55:03.438Z
763,763,6,4,3.04,301.18,2019-02-11T16:08:15.937Z
613,613,1,26,5863.47,5777.76,2010-02-06T22:41:20.349Z
446,446,7,33,204.27,144.29,2019-07-31T09:05:23.172Z
762,762,7,42,723.01,610.18,2022-07-01T16:52:06.427Z
256,256,7,42,648.1,771.38,2022-03-08T15:03:10.626Z
686,686,8,37,3154.29,2729.5,2022-12-29T18:20:37.453Z
78,78,7,42,1075.63,1093.44,2022-12-17T08:19:30.602Z
67,67,9,46,33480.7,31305.37,2022-12-29T21:43:29.240Z
834,834,6,44,38.68,29.97,2016-11-04T13:14:51.784Z
114,114,7,33,7855.66,7779.3,2021-12-18T18:01:27.901Z
702,702,7,42,2887.37,2400.97,2022-08-03T08:14:30.095Z
326,326,7,100,3626.75,3255.58,2022-12-30T23:25:32.268Z
922,922,7,100,39.71,34.78,2018-04-27T19:42:58.534Z
26,26,8,38,1736.37,1947.32,2021-10-22T06:51:01.985Z
481,481,7,42,107.1,3.08,2022-09-25T04:04:08.278Z
5,5,6,48,58.36,34.63,2015-10-07T12:03:06.543Z
643,643,7,7,2860.45,2605.32,2020-04-05T10:05:02.717Z
545,545,7,7,32664.41,33322.45,2020-04-13T09:40:10.888Z
517,517,4,35,102.72,3.03,2022-07-14T04:28:18.245Z
885,885,7,14,29102.28,28363.74,2019-12-16T02:25:51.858Z
